Datetime,Water Level (m)
2026-01-12 00:00:00,0.014780321
2026-01-12 01:00:00,0.36980826
2026-01-12 02:00:00,0.41849557
2026-01-12 03:00:00,0.27519765
2026-01-12 04:00:00,-0.051217075
2026-01-12 05:00:00,-0.47856224
2026-01-12 06:00:00,-0.9140157
2026-01-12 07:00:00,-1.2372767
2026-01-12 08:00:00,-1.4231592
2026-01-12 09:00:00,-1.541737
2026-01-12 10:00:00,-1.347147
2026-01-12 11:00:00,-0.71428216
2026-01-12 12:00:00,-0.04319621
2026-01-12 13:00:00,0.6560353
2026-01-12 14:00:00,0.95653665
2026-01-12 15:00:00,0.9661749
2026-01-12 16:00:00,0.7781785
2026-01-12 17:00:00,0.34517953
2026-01-12 18:00:00,-0.15197307
2026-01-12 19:00:00,-0.5827092
2026-01-12 20:00:00,-0.93830985
2026-01-12 21:00:00,-1.1607914
2026-01-12 22:00:00,-1.2854562
2026-01-12 23:00:00,-1.2391711
2026-01-13 00:00:00,-0.8607708
2026-01-13 01:00:00,-0.3469827
2026-01-13 02:00:00,0.19032359
2026-01-13 03:00:00,0.42271805
2026-01-13 04:00:00,0.33871537
2026-01-13 05:00:00,0.10983987
2026-01-13 06:00:00,-0.24684949
2026-01-13 07:00:00,-0.67136085
2026-01-13 08:00:00,-1.0672604
2026-01-13 09:00:00,-1.299602
2026-01-13 10:00:00,-1.4353163
2026-01-13 11:00:00,-1.3822302
2026-01-13 12:00:00,-0.8898089
2026-01-13 13:00:00,-0.25926253
2026-01-13 14:00:00,0.48759502
2026-01-13 15:00:00,0.9578634
2026-01-13 16:00:00,1.0398815
2026-01-13 17:00:00,0.92372334
2026-01-13 18:00:00,0.56201196
2026-01-13 19:00:00,0.057007574
2026-01-13 20:00:00,-0.4081973
2026-01-13 21:00:00,-0.8029543
2026-01-13 22:00:00,-1.1008235
2026-01-13 23:00:00,-1.2682297
2026-01-14 00:00:00,-1.3325511
2026-01-14 01:00:00,-1.1104332
2026-01-14 02:00:00,-0.61195564
2026-01-14 03:00:00,-0.035746597
2026-01-14 04:00:00,0.41497427
2026-01-14 05:00:00,0.4594076
2026-01-14 06:00:00,0.29453054
2026-01-14 07:00:00,-0.029992282
2026-01-14 08:00:00,-0.4706118
2026-01-14 09:00:00,-0.9302021
2026-01-14 10:00:00,-1.2637028
2026-01-14 11:00:00,-1.4200155
2026-01-14 12:00:00,-1.435792
2026-01-14 13:00:00,-0.97632676
2026-01-14 14:00:00,-0.27891287
2026-01-14 15:00:00,0.51958066
2026-01-14 16:00:00,1.0653138
2026-01-14 17:00:00,1.156941
2026-01-14 18:00:00,1.0613868
2026-01-14 19:00:00,0.7032227
2026-01-14 20:00:00,0.1547613
2026-01-14 21:00:00,-0.36688054
2026-01-14 22:00:00,-0.81312704
2026-01-14 23:00:00,-1.1597916
2026-01-15 00:00:00,-1.3605783
2026-01-15 01:00:00,-1.4832132
2026-01-15 02:00:00,-1.3200973
2026-01-15 03:00:00,-0.7449523
2026-01-15 04:00:00,-0.09319733
2026-01-15 05:00:00,0.50798166
2026-01-15 06:00:00,0.64127284
2026-01-15 07:00:00,0.45696855
2026-01-15 08:00:00,0.08606733
2026-01-15 09:00:00,-0.41602007
2026-01-15 10:00:00,-0.9339768
2026-01-15 11:00:00,-1.3120985
2026-01-15 12:00:00,-1.4919033
2026-01-15 13:00:00,-1.5513556
2026-01-15 14:00:00,-1.0603992
2026-01-15 15:00:00,-0.26362967
2026-01-15 16:00:00,0.63308454
2026-01-15 17:00:00,1.2591774
2026-01-15 18:00:00,1.340383
2026-01-15 19:00:00,1.2044064
2026-01-15 20:00:00,0.7435804
2026-01-15 21:00:00,0.107705355
2026-01-15 22:00:00,-0.4628955
2026-01-15 23:00:00,-0.9485302
2026-01-16 00:00:00,-1.2797344
2026-01-16 01:00:00,-1.500612
2026-01-16 02:00:00,-1.6507627
2026-01-16 03:00:00,-1.3808105
2026-01-16 04:00:00,-0.6396052
2026-01-16 05:00:00,0.09948147
2026-01-16 06:00:00,0.7739685
2026-01-16 07:00:00,0.81168705
2026-01-16 08:00:00,0.5191772
2026-01-16 09:00:00,0.028125783
2026-01-16 10:00:00,-0.536166
2026-01-16 11:00:00,-1.0801818
2026-01-16 12:00:00,-1.4116613
2026-01-16 13:00:00,-1.6050575
2026-01-16 14:00:00,-1.6612415
2026-01-16 15:00:00,-0.9830458
2026-01-16 16:00:00,-0.09238744
2026-01-16 17:00:00,0.92310524
2026-01-16 18:00:00,1.5036833
2026-01-16 19:00:00,1.5174016
2026-01-16 20:00:00,1.2664683
2026-01-16 21:00:00,0.6473961
2026-01-16 22:00:00,-0.04618165
2026-01-16 23:00:00,-0.62837267
2026-01-17 00:00:00,-1.1086506
2026-01-17 01:00:00,-1.4007453
2026-01-17 02:00:00,-1.6165837
2026-01-17 03:00:00,-1.7326454
2026-01-17 04:00:00,-1.102115
2026-01-17 05:00:00,-0.25124192
2026-01-17 06:00:00,0.61878127
2026-01-17 07:00:00,1.0850412
2026-01-17 08:00:00,0.9095177
2026-01-17 09:00:00,0.4768589
2026-01-17 10:00:00,-0.13156019
2026-01-17 11:00:00,-0.73362046
2026-01-17 12:00:00,-1.254102
2026-01-17 13:00:00,-1.5098766
2026-01-17 14:00:00,-1.7049847
2026-01-17 15:00:00,-1.6351764
2026-01-17 16:00:00,-0.67327553
2026-01-17 17:00:00,0.3057051
2026-01-17 18:00:00,1.4182492
2026-01-17 19:00:00,1.7711245
2026-01-17 20:00:00,1.68467
2026-01-17 21:00:00,1.2029861
2026-01-17 22:00:00,0.43495804
2026-01-17 23:00:00,-0.25623095
2026-01-18 00:00:00,-0.8208812
